barcode; name; 
1048063249102; E1 Ambient Rithmic; 
1025712563505; E1 Bass; 
1024781357800; E1 Ambient Dark; 
1043424652201; E1 Break n Bounce; 
1051242024803; E1 Ambient Bright; 
1035054550408; E2 World; 
1048827971003; E2 Mellow; 
1029378564302; E2 Break n Bounce; 
1015156566309; E2 Spaced Out; 
1015995646507; E2 TripHop; 
1025545355308; E2 Reggae; 
1042165530601; E2 Techno Driving; 
1039529995602; E2 Trance; 
1014685784901; E2 Tribal Dance; 
1015283460402; E2 Slow-Down; 
1042564838100; E2 Weird Undancable SHIT; 
1034850633803; E2 Swing; 
1027364365001; E2 HipHop; 
1039559833806; E2 Embrace the Black Coffee; 
1032707050407; E2 Zwoel; 
1012819290205; E2 Break n Bounce Mellow and easy; 
1047103046107; E2 Cumbia; 
1016275937902; E2 Jungle; 
1043408980207; E2 Techno Detailed; 
1036888869902; E2 Th Mole; 
1039800357402; E2 New Beat; 
1047848285502; E2 Robert Miles; 
1051581975408; E3 Disco and Old House, Hi NRG; 
1029755774706; E3 Dubstep; 
1010870696608; E3 Belgian Techno; 
1025881662405; E3 Crazy; 
1053890549004; E3 Stringray; 
1027278340408; E3 Aphex; 
1043239383505; E3 Break n Bounce; 
1033485361709; E3 Goa; 
1040598915200; E3 Kletzmer Oost europa; 
1040397034706; E3 2/4; 
1040025824204; E3 Housey; 
1030004477606; E3 Techno Driving; 
1042938654602; E3 Techno Hard; 
1097335070807; E3 Huib; 
1064149475104; E3 Trance; 
1021979880904; E3 Tribal Dance; 
1035716572205; E3 Disco Dark ; 
1045801914001; E3 Tipper; 
1051113150303; E3 Techno Melodic Vibey; 
1042858535401; E3 Embrace the Black Coffee; 
1039504830102; E3 Electro Jazz; 
1033859664306; E3 Cumbia; 
1032339140408; E3 Goa Driving Acid; 
1040135146401; E3 Hardcore UK; 
1021123091903; E3 Jungle; 
1025321353702; E3 Pop; 
1023147123806; E3 Rita; 
1037479895904; E3 Techno Detailed; 
1029405132405; E3 Acid and Driving Synth; 
1039436364607; E3 Techno Minimal; 
1015430144100; E3 Black Out; 
1036229261600; E3 New Beat; 
1041318488509; E3 IDM; 
1014086120506; E4 Jamie XX; 
1033685973108; E4 Belgian Techno; 
1044310066508; E4 Break n Bounce; 
1043830310405; E4 Goa; 
1046289476609; E4 2/4; 
1036014311008; E4 Hype; 
1023336315005; E4 Housey; 
1036786595002; E4 Techno Driving; 
1038734975409; E4 Techno Hard; 
1036151495302; E4 Techno; 
1042684390304; E4 Trance; 
1025077259907; E4 Laza Explosion; 
1041266457008; E4 Rave; 
1053823289809; E4 Cumbia; 
1040240227408; E4 Goa Driving Acid; 
1031866494008; E4 Hardcore UK; 
1043298304305; E4 Jungle; 
1027680378303; E4 Particulierement; 
1026530155705; E4 Alle Kanten Uit; 
1040824948408; E4 Pop; 
1049400037000; E4 Acid and Driving Synth; 
1037580935803; E4 Black Out; 
1024541462904; E4 Hardcore NL; 
1030191012406; E5 Partiboy 69; 
1036427234802; E5 Belgian Techno; 
1035272612506; E5 Jolig; 
1030585336002; E5 Goa Driving Acid; 
1019401657804; E5 Hardcore UK; 
1019676549408; E5 Pop; 
1013717320803; E5 Distortion; 
1048231761801; E5 Housey; 
1049813743406; E5 Hard Trance; 
1048412212702; E5 Angerfist; 
1045095642802; E5 Jass; 
1033604715406; E5 Black Out; 
1013284597202; E5 Hardcore NL; 
1040595821009; E5 Early Hardstyle; 
1029961785206; Elements Piano; 
1048161433809; Elements Eating Synth; 
1046939316002; Elements Remix Decks; 
1042670637604; Elements Guitar; 
1058171386507; Elements Background track; 
1020404136104; Elements Bass Heavy; 
1044222226007; Elements Percussion; 
1041060776800; Elements Vocals; 
1029997622001; Elements Driving Lines; 
1022292098809; Elements Intros; 
1018315044809; Set Parts Mike Oldfield - Ommadown; 
1041441969500; Set Parts Rodhad - Oblivion; 
1050338222901; Set Parts Rafael Aragon - Shamaan; 
1039591395508; Set Parts Danny Breaks - Hemisphere; 
1035209233408; Set Parts Haai - AM; 
1037241046701; Set Parts Elephany - She Bangs the Drums; 
1037885654508; Set Parts Deft - Peepo; 
1021559120901; Set Parts Global Communication - 807; 
1012061969201; Ma Tracks Ma Tracks; 
1053061679301; Custom E1; 
1053061731702; Custom E2; 
1021224964502; Custom All; 
1053061889007; Custom E5; 
1053061836605; Custom E4; 
1053061784104; Custom E3; 
